index,資料庫植物名稱,工程會原植物名稱,分類,匹配方式,參考規格,計價型態,計價單位,材料單價_元,標準差_元,地區別,工程會工項編碼,價格來源,統計期間,來源頁碼,備註
0,台北草,台北草,草皮,完全相符,,植草材料,M2,152,69,全區,M0292000022,112年度公共工程植栽材料價格參考表,112年1月至112年12月,PDF第2頁,僅材料費；依原表說明未含人力、機具等費用。
1,地毯草,地毯草,草皮,完全相符,,植草材料,M2,105,20,全區,M0292000052,112年度公共工程植栽材料價格參考表,112年1月至112年12月,PDF第2頁,僅材料費；依原表說明未含人力、機具等費用。
2,腎蕨,腎蕨,地被／草本,完全相符,30≦高度＜40cm。20≦寬 度＜30cm,,株,128,4,全區,M0292212330,112年度公共工程植栽材料價格參考表,112年1月至112年12月,PDF第3頁,僅材料費；依原表說明未含人力、機具等費用。
3,台灣百合,台灣百合,地被／草本,完全相符,10cm≦容器直徑 <13cm,,株,35,1,全區,M029228A002,112年度公共工程植栽材料價格參考表,112年1月至112年12月,PDF第3頁,僅材料費；依原表說明未含人力、機具等費用。
4,麥門冬,麥門冬,地被／草本,完全相符,容器直徑＜10cm盆苗,,株,31,1,全區,M029228E001,112年度公共工程植栽材料價格參考表,112年1月至112年12月,PDF第3頁,僅材料費；依原表說明未含人力、機具等費用。
5,沿街草,沿階草,地被／草本,名稱校正候選,容器直徑＜10cm盆苗,,株,30,1,全區,M029228G001,112年度公共工程植栽材料價格參考表,112年1月至112年12月,PDF第3頁,僅材料費；依原表說明未含人力、機具等費用。
6,射干,射干,地被／草本,完全相符,20≦高度＜30cm。20≦寬 度＜30cm,,株,129,4,全區,M02922D3230,112年度公共工程植栽材料價格參考表,112年1月至112年12月,PDF第3頁,僅材料費；依原表說明未含人力、機具等費用。
7,石斑木,厚葉石斑木,灌木,別名／品種候選,10cm≦容器直徑 <13cm,,株,149,5,全區,M029322G002,112年度公共工程植栽材料價格參考表,112年1月至112年12月,PDF第3頁,僅材料費；依原表說明未含人力、機具等費用。
8,鵝掌藤,鵝掌藤,灌木,完全相符,10cm≦容器直徑<13cm,,株,60,1,全區,M029325F002,112年度公共工程植栽材料價格參考表,112年1月至112年12月,PDF第3頁,僅材料費；依原表說明未含人力、機具等費用。
9,鵝掌藤,鵝掌藤,灌木,完全相符,高度＜30㎝。寬度＜ 20cm,,株,70,0,全區,M029325F110,112年度公共工程植栽材料價格參考表,112年1月至112年12月,PDF第3頁,僅材料費；依原表說明未含人力、機具等費用。
10,撒金變葉木,撒金變葉木,灌木,完全相符,13cm≦容器直徑 <16cm,,株,155,4,全區,M02932A9003,112年度公共工程植栽材料價格參考表,112年1月至112年12月,PDF第3頁,僅材料費；依原表說明未含人力、機具等費用。
11,錫蘭葉下珠,錫蘭葉下珠,灌木,完全相符,高度＜30㎝,,株,111,3,全區,M02932AW100,112年度公共工程植栽材料價格參考表,112年1月至112年12月,PDF第3頁,僅材料費；依原表說明未含人力、機具等費用。
12,杜鵑,平戶杜鵑,灌木,品種候選,寬度＜20cm,,株,73,11,全區,M02932CG010,112年度公共工程植栽材料價格參考表,112年1月至112年12月,PDF第3頁,僅材料費；依原表說明未含人力、機具等費用。
13,樹蘭,樹蘭,灌木,完全相符,13cm≦容器直徑<16cm,,株,203,5,全區,M02932J4003,112年度公共工程植栽材料價格參考表,112年1月至112年12月,PDF第3頁,僅材料費；依原表說明未含人力、機具等費用。
14,六月雪,六月雪,灌木,完全相符,寬度＜20cm,,株,36,1,全區,M02932N2010,112年度公共工程植栽材料價格參考表,112年1月至112年12月,PDF第3頁,僅材料費；依原表說明未含人力、機具等費用。
15,矮仙丹,矮仙丹,灌木,完全相符,高度＜30㎝。寬度＜ 20cm,,株,33,8,全區,M02932N7110,112年度公共工程植栽材料價格參考表,112年1月至112年12月,PDF第3頁,僅材料費；依原表說明未含人力、機具等費用。
16,馬纓丹,馬纓丹,灌木,完全相符,高度＜30㎝。寬度＜ 20cm,,株,9,0,全區,M02932Q8110,112年度公共工程植栽材料價格參考表,112年1月至112年12月,PDF第3頁,僅材料費；依原表說明未含人力、機具等費用。
17,樟樹,樟樹,喬木,完全相符,270 ≦ 樹高 < 300㎝。 100≦樹幅＜120cm,,株,1668,148,全區,M029383EAA0,112年度公共工程植栽材料價格參考表,112年1月至112年12月,PDF第4頁,僅材料費；依原表說明未含人力、機具等費用。
18,樟樹,樟樹,喬木,完全相符,450 ≦ 樹高 < 500㎝。 260≦樹幅＜280cm。14 ≦ 米高直徑 <,,株,6558,315,全區,M029383EEJ7,112年度公共工程植栽材料價格參考表,112年1月至112年12月,PDF第4頁,僅材料費；依原表說明未含人力、機具等費用。
19,楓香,楓香,喬木,完全相符,270 ≦ 樹高 < 300㎝。 100≦樹幅＜120cm,,株,3656,364,全區,M029386JAA0,112年度公共工程植栽材料價格參考表,112年1月至112年12月,PDF第4頁,僅材料費；依原表說明未含人力、機具等費用。
20,楓香,楓香,喬木,完全相符,450 ≦ 樹高 < 500㎝。 260≦樹幅＜280cm。14 ≦ 米高直徑 <,,株,5246,252,全區,M029386JEJ7,112年度公共工程植栽材料價格參考表,112年1月至112年12月,PDF第4頁,僅材料費；依原表說明未含人力、機具等費用。
21,櫸木,櫸木,喬木,完全相符,270 ≦ 樹高 < 300㎝。 100≦樹幅＜120cm,,株,2325,4,全區,M0293886AA0,112年度公共工程植栽材料價格參考表,112年1月至112年12月,PDF第4頁,僅材料費；依原表說明未含人力、機具等費用。
22,櫸木,櫸木,喬木,完全相符,450 ≦ 樹高 < 500㎝。 260≦樹幅＜280cm。14 ≦ 米高直徑 <,,株,5246,252,全區,M0293886EJ7,112年度公共工程植栽材料價格參考表,112年1月至112年12月,PDF第4頁,僅材料費；依原表說明未含人力、機具等費用。
23,茄苳,茄苳,喬木,完全相符,270 ≦ 樹高 < 300㎝。 100≦樹幅＜120cm,,株,2107,187,全區,M02938BCAA0,112年度公共工程植栽材料價格參考表,112年1月至112年12月,PDF第4頁,僅材料費；依原表說明未含人力、機具等費用。
24,茄苳,茄苳,喬木,完全相符,450 ≦ 樹高 < 500㎝。 260≦樹幅＜280cm。14 ≦ 米高直徑 <,,株,6558,315,全區,M02938BCEJ7,112年度公共工程植栽材料價格參考表,112年1月至112年12月,PDF第4頁,僅材料費；依原表說明未含人力、機具等費用。
25,大花紫薇,大花紫薇,喬木,完全相符,240 ≦ 樹高 < 270 ㎝。90≦樹幅＜100cm,,株,4109,98,全區,M02938CG990,112年度公共工程植栽材料價格參考表,112年1月至112年12月,PDF第4頁,僅材料費；依原表說明未含人力、機具等費用。
26,大花紫薇,大花紫薇,喬木,完全相符,270 ≦ 樹高 < 300 ㎝。100≦樹幅＜120cm,,株,2195,196,全區,M02938CGAA0,112年度公共工程植栽材料價格參考表,112年1月至112年12月,PDF第4頁,僅材料費；依原表說明未含人力、機具等費用。
27,小葉欖仁,小葉欖仁,喬木,完全相符,270 ≦ 樹高 < 300 ㎝。100≦樹幅＜120cm,,株,2019,180,全區,M02938CSAA0,112年度公共工程植栽材料價格參考表,112年1月至112年12月,PDF第4頁,僅材料費；依原表說明未含人力、機具等費用。
28,苦楝,苦楝,喬木,完全相符,270 ≦ 樹高 < 300㎝。 100≦樹幅＜120cm,,株,1971,57,全區,M02938H5AA0,112年度公共工程植栽材料價格參考表,112年1月至112年12月,PDF第5頁,僅材料費；依原表說明未含人力、機具等費用。
29,苦楝,苦楝,喬木,完全相符,350 ≦ 樹高 < 400㎝。 160≦樹幅＜180cm,,株,3888,548,全區,M02938H5CD0,112年度公共工程植栽材料價格參考表,112年1月至112年12月,PDF第5頁,僅材料費；依原表說明未含人力、機具等費用。
30,黃連木,黃連木,喬木,完全相符,270 ≦ 樹高 < 300 ㎝。100≦樹幅＜120cm,,株,3385,79,全區,M02938HMAA0,112年度公共工程植栽材料價格參考表,112年1月至112年12月,PDF第5頁,僅材料費；依原表說明未含人力、機具等費用。
31,流蘇,流蘇,喬木,完全相符,210 ≦ 樹高 < 240㎝。 90≦樹幅＜100cm,,株,3400,60,全區,M02938J1890,112年度公共工程植栽材料價格參考表,112年1月至112年12月,PDF第5頁,僅材料費；依原表說明未含人力、機具等費用。
32,光蠟,光臘樹,喬木,別名候選,240 ≦ 樹高 < 270 ㎝。90≦樹幅＜100cm,,株,1690,138,全區,M02938J2990,112年度公共工程植栽材料價格參考表,112年1月至112年12月,PDF第5頁,僅材料費；依原表說明未含人力、機具等費用。
33,光蠟,光臘樹,喬木,別名候選,270 ≦ 樹高 < 300 ㎝。100≦樹幅＜120cm,,株,3369,184,全區,M02938J2AA0,112年度公共工程植栽材料價格參考表,112年1月至112年12月,PDF第5頁,僅材料費；依原表說明未含人力、機具等費用。
34,光蠟,光臘樹,喬木,別名候選,300 ≦ 樹高 < 350 ㎝。120≦樹幅＜140cm,,株,3395,1742,全區,M02938J2BB0,112年度公共工程植栽材料價格參考表,112年1月至112年12月,PDF第5頁,僅材料費；依原表說明未含人力、機具等費用。
35,緬梔,緬梔,喬木,完全相符,300 ≦ 樹高 < 350㎝。 260≦樹幅＜280cm,,株,8744,420,全區,M02938K3BJ0,112年度公共工程植栽材料價格參考表,112年1月至112年12月,PDF第5頁,僅材料費；依原表說明未含人力、機具等費用。
36,黃花風鈴木,黃花風鈴木,喬木,完全相符,270 ≦ 樹高 < 300㎝。100≦樹幅＜120cm,,株,2810,250,全區,M02938LGAA0,112年度公共工程植栽材料價格參考表,112年1月至112年12月,PDF第5頁,僅材料費；依原表說明未含人力、機具等費用。
